{"providers":[{"file":"char/black.png","chars":[""],"height":1,"ascent":-5000,"type":"bitmap"},{"file":"char/black.png","chars":[""],"height":2,"ascent":-5000,"type":"bitmap"},{"file":"char/black.png","chars":[""],"height":3,"ascent":-5000,"type":"bitmap"},{"file":"char/black.png","chars":[""],"height":4,"ascent":-5000,"type":"bitmap"},{"file":"char/black.png","chars":[""],"height":5,"ascent":-5000,"type":"bitmap"},{"file":"char/black.png","chars":[""],"height":6,"ascent":-5000,"type":"bitmap"},{"file":"char/black.png","chars":[""],"height":7,"ascent":-5000,"type":"bitmap"},{"file":"char/black.png","chars":[""],"height":15,"ascent":-5000,"type":"bitmap"},{"file":"char/black.png","chars":[""],"height":31,"ascent":-5000,"type":"bitmap"},{"file":"char/black.png","chars":[""],"height":63,"ascent":-5000,"type":"bitmap"},{"file":"char/black.png","chars":[""],"height":127,"ascent":-5000,"type":"bitmap"},{"file":"char/black.png","chars":[""],"height":256,"ascent":-5000,"type":"bitmap"},{"file":"char/black.png","chars":[""],"height":512,"ascent":-5000,"type":"bitmap"},{"file":"char/black.png","chars":[""],"height":1024,"ascent":-5000,"type":"bitmap"},{"file":"char/black.png","chars":[""],"height":-3,"ascent":-5000,"type":"bitmap"},{"file":"char/black.png","chars":[""],"height":-4,"ascent":-5000,"type":"bitmap"},{"file":"char/black.png","chars":[""],"height":-5,"ascent":-5000,"type":"bitmap"},{"file":"char/black.png","chars":[""],"height":-6,"ascent":-5000,"type":"bitmap"},{"file":"char/black.png","chars":[""],"height":-7,"ascent":-5000,"type":"bitmap"},{"file":"char/black.png","chars":[""],"height":-8,"ascent":-5000,"type":"bitmap"},{"file":"char/black.png","chars":[""],"height":-9,"ascent":-5000,"type":"bitmap"},{"file":"char/black.png","chars":[""],"height":-10,"ascent":-5000,"type":"bitmap"},{"file":"char/black.png","chars":[""],"height":-18,"ascent":-5000,"type":"bitmap"},{"file":"char/black.png","chars":[""],"height":-34,"ascent":-5000,"type":"bitmap"},{"file":"char/black.png","chars":[""],"height":-66,"ascent":-5000,"type":"bitmap"},{"file":"char/black.png","chars":[""],"height":-130,"ascent":-5000,"type":"bitmap"},{"file":"char/black.png","chars":[""],"height":-259,"ascent":-5000,"type":"bitmap"},{"file":"char/black.png","chars":[""],"height":-515,"ascent":-5000,"type":"bitmap"},{"file":"char/black.png","chars":[""],"height":-1027,"ascent":-5000,"type":"bitmap"},{"file":"_iainternal:gui/no_recipe.png","chars":[""],"height":170,"ascent":47,"type":"bitmap"},{"file":"_iainternal:gui/crafting.png","chars":[""],"height":170,"ascent":47,"type":"bitmap"},{"file":"_iainternal:gui/cooking.png","chars":[""],"height":170,"ascent":47,"type":"bitmap"},{"file":"_iainternal:gui/blank_menu.png","chars":[""],"height":170,"ascent":47,"type":"bitmap"},{"file":"_iainternal:gui/anvil_repair.png","chars":[""],"height":170,"ascent":47,"type":"bitmap"},{"file":"_iainternal:gui/smithing.png","chars":[""],"height":170,"ascent":47,"type":"bitmap"},{"file":"edadimperial:custom_ui/logo.png","chars":[""],"height":50,"ascent":1,"type":"bitmap"},{"file":"edadimperial:custom_ui/logo.png","chars":[""],"height":40,"ascent":15,"type":"bitmap"},{"file":"edadimperial:custom_ui/error_red.png","chars":[""],"height":7,"ascent":7,"type":"bitmap"},{"file":"edadimperial:custom_ui/menu_base.png","chars":[""],"height":256,"ascent":19,"type":"bitmap"},{"file":"edadimperial:custom_ui/trade_allow.png","chars":[""],"height":64,"ascent":-4,"type":"bitmap"},{"file":"edadimperial:custom_ui/trade_allow.png","chars":[""],"height":64,"ascent":-22,"type":"bitmap"},{"file":"edadimperial:custom_ui/trade_allow.png","chars":[""],"height":64,"ascent":-40,"type":"bitmap"},{"file":"edadimperial:custom_ui/trade_allow.png","chars":[""],"height":64,"ascent":-58,"type":"bitmap"},{"file":"edadimperial:custom_ui/trade_allow.png","chars":[""],"height":64,"ascent":-76,"type":"bitmap"},{"file":"edadimperial:custom_ui/trade_deny.png","chars":[""],"height":64,"ascent":-4,"type":"bitmap"},{"file":"edadimperial:custom_ui/trade_deny.png","chars":[""],"height":64,"ascent":-22,"type":"bitmap"},{"file":"edadimperial:custom_ui/trade_deny.png","chars":[""],"height":64,"ascent":-40,"type":"bitmap"},{"file":"edadimperial:custom_ui/trade_deny.png","chars":[""],"height":64,"ascent":-58,"type":"bitmap"},{"file":"edadimperial:custom_ui/trade_deny.png","chars":[""],"height":64,"ascent":-76,"type":"bitmap"},{"file":"custom/negative_space.png","ascent":-32768,"type":"bitmap","chars":[""],"height":-3},{"file":"custom/negative_space.png","ascent":-32768,"type":"bitmap","chars":[""],"height":-10},{"file":"custom/negative_space.png","ascent":-32768,"type":"bitmap","chars":[""],"height":-94},{"file":"custom/negative_space.png","ascent":-32768,"type":"bitmap","chars":[""],"height":-67},{"type":"bitmap","file":"custom_ui/markets/trade_allow.png","ascent":-4,"height":64,"chars":["속"]},{"type":"bitmap","file":"custom_ui/markets/trade_deny.png","ascent":-4,"height":64,"chars":["솎"]},{"type":"bitmap","file":"custom_ui/markets/trade_allow.png","ascent":-22,"height":64,"chars":["솏"]},{"type":"bitmap","file":"custom_ui/markets/trade_deny.png","ascent":-22,"height":64,"chars":["손"]},{"type":"bitmap","file":"custom_ui/markets/trade_allow.png","ascent":-40,"height":64,"chars":["솑"]},{"type":"bitmap","file":"custom_ui/markets/trade_deny.png","ascent":-40,"height":64,"chars":["솒"]},{"type":"bitmap","file":"custom_ui/markets/trade_allow.png","ascent":-58,"height":64,"chars":["솓"]},{"type":"bitmap","file":"custom_ui/markets/trade_deny.png","ascent":-58,"height":64,"chars":["솔"]},{"type":"bitmap","file":"custom_ui/markets/trade_allow.png","ascent":-76,"height":64,"chars":["솕"]},{"type":"bitmap","file":"custom_ui/markets/trade_deny.png","ascent":-76,"height":64,"chars":["솖"]},{"type":"bitmap","file":"custom_ui/markets/trade_allow.png","ascent":-94,"height":64,"chars":["솗"]},{"type":"bitmap","file":"custom_ui/markets/trade_deny.png","ascent":-94,"height":64,"chars":["솘"]},{"type":"bitmap","file":"custom_ui/markets/menu_base.png","ascent":19,"height":256,"chars":["솋"]}]}