{
	"parent": "builtin/entity",
	"credit": "Made with Blockbench",
	"texture_size": [32, 32],
	"textures": {
		"0": "edadimperial:texture",
		"particle": "edadimperial:texture"
	},
	"elements": [
		{
			"from": [9, 3, 6],
			"to": [8, 2, 10],
			"faces": {
				"north": {"uv": [12.5, 3.5, 13, 4], "texture": "#0"},
				"east": {"uv": [2, 11.5, 4, 12], "texture": "#0"},
				"south": {"uv": [12.5, 4, 13, 4.5], "texture": "#0"},
				"west": {"uv": [11.5, 8, 13.5, 8.5], "texture": "#0", "tintindex": 0},
				"up": {"uv": [5, 13, 4.5, 11], "texture": "#0"},
				"down": {"uv": [4.5, 11.5, 4, 13.5], "texture": "#0"}
			}
		},
		{
			"from": [8, 3, 5],
			"to": [9, 4, 11],
			"faces": {
				"north": {"uv": [12.5, 4.5, 13, 5], "texture": "#0"},
				"east": {"uv": [10, 7.5, 13, 8], "texture": "#0"},
				"south": {"uv": [12.5, 5, 13, 5.5], "texture": "#0"},
				"west": {"uv": [2, 10.5, 5, 11], "texture": "#0", "tintindex": 0},
				"up": {"uv": [5.5, 13.5, 5, 10.5], "texture": "#0"},
				"down": {"uv": [6, 10.5, 5.5, 13.5], "texture": "#0"}
			}
		},
		{
			"from": [8, 4, 4],
			"to": [9, 6, 12],
			"faces": {
				"north": {"uv": [12, 4.5, 12.5, 5.5], "texture": "#0"},
				"east": {"uv": [0, 8, 4, 9], "texture": "#0"},
				"south": {"uv": [12, 5.5, 12.5, 6.5], "texture": "#0"},
				"west": {"uv": [4, 8, 8, 9], "texture": "#0", "tintindex": 0},
				"up": {"uv": [7.5, 13, 7, 9], "texture": "#0"},
				"down": {"uv": [8, 9, 7.5, 13], "texture": "#0"}
			}
		},
		{
			"from": [8, 6, 3],
			"to": [9, 8, 13],
			"faces": {
				"north": {"uv": [9, 12, 9.5, 13], "texture": "#0"},
				"east": {"uv": [0, 7, 5, 8], "texture": "#0"},
				"south": {"uv": [9.5, 12, 10, 13], "texture": "#0"},
				"west": {"uv": [5, 7, 10, 8], "texture": "#0", "tintindex": 0},
				"up": {"uv": [1.5, 14, 1, 9], "texture": "#0"},
				"down": {"uv": [2, 9, 1.5, 14], "texture": "#0"}
			}
		},
		{
			"from": [8, 8, 2],
			"to": [9, 22, 14],
			"faces": {
				"north": {"uv": [8, 8, 8.5, 15], "texture": "#0"},
				"east": {"uv": [0, 0, 6, 7], "texture": "#0"},
				"south": {"uv": [8.5, 8, 9, 15], "texture": "#0"},
				"west": {"uv": [6, 0, 12, 7], "texture": "#0", "tintindex": 0},
				"up": {"uv": [0.5, 15, 0, 9], "texture": "#0"},
				"down": {"uv": [1, 9, 0.5, 15], "texture": "#0"}
			}
		},
		{
			"from": [8, 22, 4],
			"to": [9, 23, 12],
			"faces": {
				"north": {"uv": [12.5, 5.5, 13, 6], "texture": "#0"},
				"east": {"uv": [2, 10, 6, 10.5], "texture": "#0"},
				"south": {"uv": [12.5, 6, 13, 6.5], "texture": "#0"},
				"west": {"uv": [10, 7, 14, 7.5], "texture": "#0", "tintindex": 0},
				"up": {"uv": [6.5, 14, 6, 10], "texture": "#0"},
				"down": {"uv": [7, 10, 6.5, 14], "texture": "#0"}
			}
		},
		{
			"from": [8, 23, 4],
			"to": [9, 24, 7],
			"faces": {
				"north": {"uv": [10, 12.5, 10.5, 13], "texture": "#0"},
				"east": {"uv": [11.5, 8.5, 13, 9], "texture": "#0"},
				"south": {"uv": [10.5, 12.5, 11, 13], "texture": "#0"},
				"west": {"uv": [11.5, 9, 13, 9.5], "texture": "#0", "tintindex": 0},
				"up": {"uv": [12.5, 1.5, 12, 0], "texture": "#0"},
				"down": {"uv": [12.5, 1.5, 12, 3], "texture": "#0"}
			}
		},
		{
			"from": [8, 23, 9],
			"to": [9, 24, 12],
			"faces": {
				"north": {"uv": [12.5, 11.5, 13, 12], "texture": "#0"},
				"east": {"uv": [11.5, 9.5, 13, 10], "texture": "#0"},
				"south": {"uv": [12, 12.5, 12.5, 13], "texture": "#0"},
				"west": {"uv": [2, 12, 3.5, 12.5], "texture": "#0", "tintindex": 0},
				"up": {"uv": [12.5, 4.5, 12, 3], "texture": "#0"},
				"down": {"uv": [4, 12, 3.5, 13.5], "texture": "#0"}
			}
		},
		{
			"from": [9, 12, 7],
			"to": [14, 13, 9],
			"faces": {
				"north": {"uv": [2, 11, 4.5, 11.5], "texture": "#0"},
				"east": {"uv": [12, 6.5, 13, 7], "texture": "#0"},
				"south": {"uv": [11, 10, 13.5, 10.5], "texture": "#0"},
				"west": {"uv": [10, 12, 11, 12.5], "texture": "#0", "tintindex": 0},
				"up": {"uv": [4.5, 10, 2, 9], "texture": "#0"},
				"down": {"uv": [7, 9, 4.5, 10], "texture": "#0"}
			}
		},
		{
			"from": [13, 13, 7],
			"to": [14, 17, 9],
			"faces": {
				"north": {"uv": [11, 11.5, 11.5, 13.5], "texture": "#0"},
				"east": {"uv": [9, 10, 10, 12], "texture": "#0"},
				"south": {"uv": [11.5, 11.5, 12, 13.5], "texture": "#0"},
				"west": {"uv": [10, 10, 11, 12], "texture": "#0", "tintindex": 0},
				"up": {"uv": [12.5, 12.5, 12, 11.5], "texture": "#0"},
				"down": {"uv": [13, 0, 12.5, 1], "texture": "#0"}
			}
		},
		{
			"from": [9, 17, 7],
			"to": [14, 18, 9],
			"faces": {
				"north": {"uv": [11, 10.5, 13.5, 11], "texture": "#0"},
				"east": {"uv": [12.5, 1, 13.5, 1.5], "texture": "#0"},
				"south": {"uv": [11, 11, 13.5, 11.5], "texture": "#0"},
				"west": {"uv": [12.5, 1.5, 13.5, 2], "texture": "#0", "tintindex": 0},
				"up": {"uv": [11.5, 9, 9, 8], "texture": "#0"},
				"down": {"uv": [11.5, 9, 9, 10], "texture": "#0"}
			}
		},
		{
			"from": [8, 1, 7],
			"to": [9, 2, 9],
			"faces": {
				"north": {"uv": [12.5, 12, 13, 12.5], "texture": "#0"},
				"east": {"uv": [2, 12.5, 3, 13], "texture": "#0"},
				"south": {"uv": [12.5, 12.5, 13, 13], "texture": "#0"},
				"west": {"uv": [12.5, 2, 13.5, 2.5], "texture": "#0"},
				"up": {"uv": [13, 3.5, 12.5, 2.5], "texture": "#0"},
				"down": {"uv": [3.5, 12.5, 3, 13.5], "texture": "#0"}
			}
		}
	],
	"gui_light": "front",
	"display": {
		"thirdperson_righthand": {
			"rotation": [4, 180, 0],
			"translation": [3.25, -8.5, 3],
			"scale": [0.93, 1, 1]
		},
		"thirdperson_lefthand": {
			"rotation": [11, -1, 2],
			"translation": [3.5, -8.25, 2]
		},
		"firstperson_righthand": {
			"rotation": [-17, -150, -24],
			"translation": [1.5, -6.25, 3.75],
			"scale": [0.63, 0.97, 1]
		},
		"firstperson_lefthand": {
			"rotation": [0, 15, 0],
			"translation": [-4, -7.25, 7.25]
		},
		"ground": {
			"rotation": [-1, 0, 0],
			"translation": [0.75, 5.5, 0.5],
			"scale": [0.72, 0.85, 0.84]
		},
		"gui": {
			"rotation": [-4, 91, 9],
			"translation": [0.25, -3.5, 0.25],
			"scale": [0.86, 0.71, 0.74]
		},
		"fixed": {
			"rotation": [0, -85, 2],
			"translation": [-0.5, -3.5, -3]
		}
	},
	"groups": [
		{
			"name": "group",
			"origin": [0, 0, 0],
			"color": 0,
			"children": [0, 1, 2, 3, 4, 5, 6, 7, 8, 9, 10, 11]
		}
	],
	"overrides": [
        {
            "predicate": {
                "blocking": 1
            },
            "model": "item/shield_block"
        }
    ]
}